ObjectId,ObjectType,City,CompanyName,Country,Department,DisplayName,FacsimileTelephoneNumber,GivenName,JobTitle,Mail,MailNickName,Mobile,Password,PhysicalDeliveryOfficeName,PostalCode,PreferredLanguage,SipProxyAddress,State,StreetAddress,Surname,TelephoneNumber,UsageLocation,UserPrincipalName,RemoveLicense,AddLicense
68a56455-f248-4aff-b8ac-4d393310a8b5,User,San Diego,SkytapMarketingDemo,United States,Marketing,Alex Wilber,,Alex,Marketing Assistant,AlexW@SkytapMarketingDemo.OnMicrosoft.com,AlexW,+1 425 555 0100,MTPr0cks!,131/1104,92121,en-US,AlexW@SkytapMarketingDemo.OnMicrosoft.com,CA,"9256 Towne Center Dr., Suite 400",Wilber,+1 858 555 0110,US,AlexW@SkytapMarketingDemo.OnMicrosoft.com,,EMS+E5
47c9812b-457e-4e4f-8a5e-0cbb4a57dc1a,User,Waukesha,SkytapMarketingDemo,United States,IT,Allan Deyoung,,Allan,IT Admin,AllanD@SkytapMarketingDemo.OnMicrosoft.com,AllanD,+1 425 555 0100,MTPr0cks!,24/1106,53188,en-US,AllanD@SkytapMarketingDemo.OnMicrosoft.com,WI,"N19 W24133 Riverwood Dr., Suite 150",Deyoung,+1 262 555 0106,US,AllanD@SkytapMarketingDemo.OnMicrosoft.com,,EMS+E5
38f54639-3950-422c-aa2d-9c857c8776f8,User,San Diego,SkytapMarketingDemo,United States,Sales,Christie Cline,,Christie,Buyer,ChristieC@SkytapMarketingDemo.OnMicrosoft.com,ChristieC,+1 425 555 0100,MTPr0cks!,131/2105,92121,en-US,ChristieC@SkytapMarketingDemo.OnMicrosoft.com,CA,"9257 Towne Center Dr., Suite 400",Cline,+1 858 555 0111,US,ChristieC@SkytapMarketingDemo.OnMicrosoft.com,,EMS+E5
100f256b-2d80-4a8c-9927-48e2a5dd9191,User,Bellevue,SkytapMarketingDemo,United States,Executive Management,Debra Berger,,Debra,Administrative Assistant,DebraB@SkytapMarketingDemo.OnMicrosoft.com,DebraB,+1 425 555 0100,MTPr0cks!,18/2107,98004,en-US,DebraB@SkytapMarketingDemo.OnMicrosoft.com,WA,"205 108th Ave. NE, Suite 400",Berger,+1 425 555 0105,US,DebraB@SkytapMarketingDemo.OnMicrosoft.com,,EMS+E5
4a6e9f3c-4fed-48e7-8363-e4fd00e17a04,User,Birmingham,SkytapMarketingDemo,United States,HR,Diego Siciliani,,Diego,HR Manager,DiegoS@SkytapMarketingDemo.OnMicrosoft.com,DiegoS,+1 425 555 0100,MTPr0cks!,14/1108,35243,en-US,DiegoS@SkytapMarketingDemo.OnMicrosoft.com,AL,3535 Gradview Parkway Suite 335,Siciliani,+1 205 555 0108,US,DiegoS@SkytapMarketingDemo.OnMicrosoft.com,,EMS+E5
a64ca28c-819e-479b-a796-9dbf9e580b98,User,Tokyo,SkytapMarketingDemo,Japan,Finance,Emily Braun,,Emily,Budget Analyst,EmilyB@SkytapMarketingDemo.OnMicrosoft.com,EmilyB,+1 425 555 0100,MTPr0cks!,97/2302,108-0080,en-US,EmilyB@SkytapMarketingDemo.OnMicrosoft.com,,"Shinagawa Grand Central Tower, 2-16-3, Konan Minato-ku",Braun,+81 345550115,US,EmilyB@SkytapMarketingDemo.OnMicrosoft.com,,EMS+E5
ad668a4c-d779-47ce-8db5-01fece3adf39,User,Birmingham,SkytapMarketingDemo,United States,Legal,Enrico Cattaneo,,Enrico,Attorney,EnricoC@SkytapMarketingDemo.OnMicrosoft.com,EnricoC,+1 425 555 0100,MTPr0cks!,14/1102,35243,en-US,EnricoC@SkytapMarketingDemo.OnMicrosoft.com,AL,3535 Gradview Parkway Suite 335,Cattaneo,+1 205 555 0103,US,EnricoC@SkytapMarketingDemo.OnMicrosoft.com,,EMS+E5
90aef11a-1287-4261-b73f-c8b22eaae81b,User,Bloomington,SkytapMarketingDemo,United States,R&D,Grady Archie,,Grady,Designer,GradyA@SkytapMarketingDemo.OnMicrosoft.com,GradyA,+1 425 555 0100,MTPr0cks!,19/2109,61704,en-US,GradyA@SkytapMarketingDemo.OnMicrosoft.com,IL,"2203 E. Empire St., Suite J",Archie,+1 309 555 0104,US,GradyA@SkytapMarketingDemo.OnMicrosoft.com,,EMS+E5
d0f3ec2a-8c85-4d24-81e8-78c4cb603c3e,User,Fort Lauderdale,SkytapMarketingDemo,United States,R&D,Henrietta Mueller,,Henrietta,Developer,HenriettaM@SkytapMarketingDemo.OnMicrosoft.com,HenriettaM,+1 425 555 0100,MTPr0cks!,18/1106,33309,en-US,HenriettaM@SkytapMarketingDemo.OnMicrosoft.com,FL,"6750 North Andrews Ave., Suite 400",Mueller,+1 954 555 0118,US,HenriettaM@SkytapMarketingDemo.OnMicrosoft.com,,EMS+E5
d49bcdf6-e5d1-4f97-9d18-3bde6852459d,User,Bloomington,SkytapMarketingDemo,United States,R&D,Irvin Sayers,,Irvin,Project Manager,IrvinS@SkytapMarketingDemo.OnMicrosoft.com,IrvinS,+1 425 555 0100,MTPr0cks!,19/2106,61704,en-US,IrvinS@SkytapMarketingDemo.OnMicrosoft.com,IL,"2203 E. Empire St., Suite J",Sayers,+1 309 555 0101,US,IrvinS@SkytapMarketingDemo.OnMicrosoft.com,,EMS+E5
1d659b43-8805-45d1-ab13-94d308950aa8,User,Tulsa,SkytapMarketingDemo,United States,Sales,Isaiah Langer,,Isaiah,Sales Rep,IsaiahL@SkytapMarketingDemo.OnMicrosoft.com,IsaiahL,+1 425 555 0100,MTPr0cks!,20/1101,74133,en-US,IsaiahL@SkytapMarketingDemo.OnMicrosoft.com,OK,"7633 E. 63rd Place, Suite 300",Langer,+1 918 555 0101,US,IsaiahL@SkytapMarketingDemo.OnMicrosoft.com,,EMS+E5
7fedd0df-0bca-4823-872e-97e0858b47df,User,Louisville,SkytapMarketingDemo,United States,Engineering,Johanna Lorenz,,Johanna,Senior Engineer,JohannaL@SkytapMarketingDemo.OnMicrosoft.com,JohannaL,+1 425 555 0100,MTPr0cks!,23/2102,40223,en-US,JohannaL@SkytapMarketingDemo.OnMicrosoft.com,KY,"9900 Corporate Campus Dr., Suite 3000",Lorenz,+1 502 555 0102,US,JohannaL@SkytapMarketingDemo.OnMicrosoft.com,,EMS+E5
70fdbbba-0ae6-4159-839b-37890d8c8269,User,Charlotte,SkytapMarketingDemo,United States,Legal,Joni Sherman,,Joni,Paralegal,JoniS@SkytapMarketingDemo.OnMicrosoft.com,JoniS,+1 425 555 0100,MTPr0cks!,20/1109,28273,en-US,JoniS@SkytapMarketingDemo.OnMicrosoft.com,NC,8055 Microsoft Way,Sherman,+1 980 555 0101,US,JoniS@SkytapMarketingDemo.OnMicrosoft.com,,EMS+E5
85b49c46-4084-4f0b-a889-c9f55f7cc2dc,User,Iselin,SkytapMarketingDemo,United States,Engineering,Jordan Miller,,Jordan,Tester,JordanM@SkytapMarketingDemo.OnMicrosoft.com,JordanM,+1 425 555 0100,MTPr0cks!,19/3123,8830,en-US,JordanM@SkytapMarketingDemo.OnMicrosoft.com,NJ,"101 Wood Avenue South, Suite 900",Miller,+1 732 555 0102,US,JordanM@SkytapMarketingDemo.OnMicrosoft.com,,EMS+E5
203fe9de-2f27-49dc-a520-06f567020b4c,User,Overland Park,SkytapMarketingDemo,United States,Manufacturing,Lee Gu,,Lee,Director,LeeG@SkytapMarketingDemo.OnMicrosoft.com,LeeG,+1 425 555 0100,MTPr0cks!,23/3101,66210,en-US,LeeG@SkytapMarketingDemo.OnMicrosoft.com,KS,"10801 Mastin Blvd., Suite 620",Gu,+1 913 555 0101,US,LeeG@SkytapMarketingDemo.OnMicrosoft.com,,EMS+E5
de048070-86fc-4455-b194-e53373b586a6,User,Tulsa,SkytapMarketingDemo,United States,Engineering,Lidia Holloway,,Lidia,Product Manager,LidiaH@SkytapMarketingDemo.OnMicrosoft.com,LidiaH,+1 425 555 0100,MTPr0cks!,20/2107,74133,en-US,LidiaH@SkytapMarketingDemo.OnMicrosoft.com,OK,"7633 E. 63rd Place, Suite 300",Holloway,+1 918 555 0107,US,LidiaH@SkytapMarketingDemo.OnMicrosoft.com,,EMS+E5
06fd4ca0-89f9-4ec3-a8c1-d9df9e9d505a,User,Tulsa,SkytapMarketingDemo,United States,Retail,Lynne Robbins,,Lynne,Planner,LynneR@SkytapMarketingDemo.OnMicrosoft.com,LynneR,+1 425 555 0100,MTPr0cks!,20/1104,74133,en-US,LynneR@SkytapMarketingDemo.OnMicrosoft.com,OK,"7633 E. 63rd Place, Suite 300",Robbins,+1 918 555 0104,US,LynneR@SkytapMarketingDemo.OnMicrosoft.com,,EMS+E5
31a9fa30-249a-4c44-b4ef-4082bf22de53,User,Pittsburgh,SkytapMarketingDemo,United States,Marketing,Megan Bowen,,Megan,Marketing Manager,MeganB@SkytapMarketingDemo.OnMicrosoft.com,MeganB,+1 425 555 0100,MTPr0cks!,12/1110,15212,en-US,MeganB@SkytapMarketingDemo.OnMicrosoft.com,PA,"30 Isabella St., Second Floor",Bowen,+1 412 555 0109,US,MeganB@SkytapMarketingDemo.OnMicrosoft.com,,EMS+E5
67023fd5-b89d-407d-830b-3f9255056020,User,San Diego,SkytapMarketingDemo,United States,Sales & Marketing,Miriam Graham,,Miriam,Director,MiriamG@SkytapMarketingDemo.OnMicrosoft.com,MiriamG,+1 425 555 0100,MTPr0cks!,131/2103,92121,en-US,MiriamG@SkytapMarketingDemo.OnMicrosoft.com,CA,"9255 Towne Center Dr., Suite 400",Graham,+1 858 555 0109,US,MiriamG@SkytapMarketingDemo.OnMicrosoft.com,,EMS+E5+Win10E5
51951725-6d86-44d3-a309-8b6f53ee93da,User,Seattle,SkytapMarketingDemo,United States,Operations,Nestor Wilke,,Nestor,Director,NestorW@SkytapMarketingDemo.OnMicrosoft.com,NestorW,+1 425 555 0100,MTPr0cks!,36/2121,98109,en-US,NestorW@SkytapMarketingDemo.OnMicrosoft.com,WA,320 Westlake Ave N. Thomas St.,Wilke,+1 206 555 0105,US,NestorW@SkytapMarketingDemo.OnMicrosoft.com,,EMS+E5
f894fa84-0095-4a4e-ad4a-3c484f9ba456,User,Louisville,SkytapMarketingDemo,United States,Executive Management,Patti Fernandez,,Patti,President,PattiF@SkytapMarketingDemo.OnMicrosoft.com,PattiF,+1 425 555 0100,MTPr0cks!,15/1102,40223,en-US,PattiF@SkytapMarketingDemo.OnMicrosoft.com,KY,"9900 Corporate Campus Dr., Suite 3000",Fernandez,+1 502 555 0144,US,PattiF@SkytapMarketingDemo.OnMicrosoft.com,,EMS+E5
c1cf3b20-eafd-4981-9f76-618485bffcbd,User,Cairo,SkytapMarketingDemo,Egypt,Finance,Pradeep Gupta,,Pradeep,Accountant,PradeepG@SkytapMarketingDemo.OnMicrosoft.com,PradeepG,+1 425 555 0100,MTPr0cks!,98/2202,98208,en-US,PradeepG@SkytapMarketingDemo.OnMicrosoft.com,,"Smart Village, Kilo 28, Cairo/Alex Desert Road",Gupta,+20 255501070,US,PradeepG@SkytapMarketingDemo.OnMicrosoft.com,,EMS+E5
9d698d50-7e70-4d59-ba64-9f59052977fb,User,Bellevue,SkytapMarketingDemo,United States,Retail,Adele Vance,,Adele,Retail Manager,AdeleV@SkytapMarketingDemo.OnMicrosoft.com,AdeleV,+1 425 555 0100,MTPr0cks!,18/2111,98004,en-US,AdeleV@SkytapMarketingDemo.OnMicrosoft.com,WA,"205 108th Ave. NE, Suite 400",Vance,+1 425 555 0109,US,AdeleV@SkytapMarketingDemo.OnMicrosoft.com,,EMS+E5
9807a6e3-3d81-4b23-87a2-b9da3f2f0573,User,Redmond,SkytapMarketingDemo,United States,Marketing,Aarif Sherzai,,Aarif,Administrative,AarifS@SkytapMarketingDemo.onmicrosoft.com,AarifS,+1 425 555 0100,MTPr0cks!,,98052,en-US,AarifS@SkytapMarketingDemo.onmicrosoft.com,WA,One Microsoft Way,Sherzai,+1 425 555 0100,US,AarifS@SkytapMarketingDemo.onmicrosoft.com,,E3
5fc438c4-1a84-4782-ba7e-66e76f40994e,User,Redmond,SkytapMarketingDemo,United States,Marketing,Achim Maier,,Achim,Manager,AchimM@SkytapMarketingDemo.onmicrosoft.com,AchimM,+1 425 555 0100,MTPr0cks!,,98052,en-US,AchimM@SkytapMarketingDemo.onmicrosoft.com,WA,One Microsoft Way,Maier,+1 425 555 0100,US,AchimM@SkytapMarketingDemo.onmicrosoft.com,,
7ec36b7d-8861-4bcf-a9c3-d9a149ab6262,User,Redmond,SkytapMarketingDemo,United States,R&D,Adam Wallen,,Adam,Engineer,AdamW@SkytapMarketingDemo.onmicrosoft.com,AdamW,+1 425 555 0100,MTPr0cks!,,98052,en-US,AdamW@SkytapMarketingDemo.onmicrosoft.com,WA,One Microsoft Way,Wallen,+1 425 555 0100,US,AdamW@SkytapMarketingDemo.onmicrosoft.com,,
75681470-3eba-4855-915f-339d9e8181da,User,Redmond,SkytapMarketingDemo,United States,Sales,Adriana Napolitani,,Adriana,Salesperson,AdrianaN@SkytapMarketingDemo.onmicrosoft.com,AdrianaN,+1 425 555 0100,MTPr0cks!,,98052,en-US,AdrianaN@SkytapMarketingDemo.onmicrosoft.com,WA,One Microsoft Way,Napolitani,+1 425 555 0100,US,AdrianaN@SkytapMarketingDemo.onmicrosoft.com,,
d7b89b1d-0d4f-4b11-9633-1e27f1f3f035,User,Redmond,SkytapMarketingDemo,United States,IT,Aldo Muller,,Aldo,Manager,AldoM@SkytapMarketingDemo.onmicrosoft.com,AldoM,+1 425 555 0100,MTPr0cks!,,98052,en-US,AldoM@SkytapMarketingDemo.onmicrosoft.com,WA,One Microsoft Way,Muller,+1 425 555 0100,US,AldoM@SkytapMarketingDemo.onmicrosoft.com,,
17b209ca-0e7e-4192-b1b5-9ec3b45af6d2,User,Redmond,SkytapMarketingDemo,United States,Sales,Alice Lucchese,,Alice,Salesperson,AliceL@SkytapMarketingDemo.onmicrosoft.com,AliceL,+1 425 555 0100,MTPr0cks!,,98052,en-US,AliceL@SkytapMarketingDemo.onmicrosoft.com,WA,One Microsoft Way,Lucchese,+1 425 555 0100,US,AliceL@SkytapMarketingDemo.onmicrosoft.com,,
346c8677-e157-4dea-9c66-75460cf86048,User,Redmond,SkytapMarketingDemo,United States,R&D,Alisha Guerrero,,Alisha,Engineer,AlishaG@SkytapMarketingDemo.onmicrosoft.com,AlishaG,+1 425 555 0100,MTPr0cks!,,98052,en-US,AlishaG@SkytapMarketingDemo.onmicrosoft.com,WA,One Microsoft Way,Guerrero,+1 425 555 0100,US,AlishaG@SkytapMarketingDemo.onmicrosoft.com,,
d0ce801a-785d-47a6-86ce-3445ddbaec65,User,Redmond,SkytapMarketingDemo,United States,Legal,Anna Lange,,Anna,Paralegal,AnnaL@SkytapMarketingDemo.onmicrosoft.com,AnnaL,+1 425 555 0100,MTPr0cks!,,98052,en-US,AnnaL@SkytapMarketingDemo.onmicrosoft.com,WA,One Microsoft Way,Lange,+1 425 555 0100,US,AnnaL@SkytapMarketingDemo.onmicrosoft.com,,
98325035-d52c-441b-8096-ed3208cce5e3,User,Redmond,SkytapMarketingDemo,United States,Sales,Anne Matthews,,Anne,Salesperson,AnneM@SkytapMarketingDemo.onmicrosoft.com,AnneM,+1 425 555 0100,MTPr0cks!,,98052,en-US,AnneM@SkytapMarketingDemo.onmicrosoft.com,WA,One Microsoft Way,Matthews,+1 425 555 0100,US,AnneM@SkytapMarketingDemo.onmicrosoft.com,,
2f893601-363b-49b0-9edf-bf872b30e2ab,User,Redmond,SkytapMarketingDemo,United States,IT,Arif Badakhshi,,Arif,Administrative,ArifB@SkytapMarketingDemo.onmicrosoft.com,ArifB,+1 425 555 0100,MTPr0cks!,,98052,en-US,ArifB@SkytapMarketingDemo.onmicrosoft.com,WA,One Microsoft Way,Badakhshi,+1 425 555 0100,US,ArifB@SkytapMarketingDemo.onmicrosoft.com,,
67106863-3218-466e-b7eb-e8ca68b41a69,User,Redmond,SkytapMarketingDemo,United States,Operations,Basim Karzai,,Basim,Administrative,BasimK@SkytapMarketingDemo.onmicrosoft.com,BasimK,+1 425 555 0100,MTPr0cks!,,98052,en-US,BasimK@SkytapMarketingDemo.onmicrosoft.com,WA,One Microsoft Way,Karzai,+1 425 555 0100,US,BasimK@SkytapMarketingDemo.onmicrosoft.com,,
b148c539-852b-4ca3-9cb7-e8829bf0e335,User,Redmond,SkytapMarketingDemo,United States,Sales,Betsy Drake,,Betsy,Salesperson,BetsyD@SkytapMarketingDemo.onmicrosoft.com,BetsyD,+1 425 555 0100,MTPr0cks!,,98052,en-US,BetsyD@SkytapMarketingDemo.onmicrosoft.com,WA,One Microsoft Way,Drake,+1 425 555 0100,US,BetsyD@SkytapMarketingDemo.onmicrosoft.com,,
69d52932-1d3b-477d-95ec-3e18e99a1eab,User,Redmond,SkytapMarketingDemo,United States,Sales,Bianca Pagnotto,,Bianca,Salesperson,BiancaPa@SkytapMarketingDemo.onmicrosoft.com,BiancaPa,+1 425 555 0100,MTPr0cks!,,98052,en-US,BiancaPa@SkytapMarketingDemo.onmicrosoft.com,WA,One Microsoft Way,Pagnotto,+1 425 555 0100,US,BiancaPa@SkytapMarketingDemo.onmicrosoft.com,,
bc11a2ea-ab61-4154-ad99-1170c79110d0,User,Redmond,SkytapMarketingDemo,United States,Sales,Bianca Pisani,,Bianca,Salesperson,BiancaP@SkytapMarketingDemo.onmicrosoft.com,BiancaP,+1 425 555 0100,MTPr0cks!,,98052,en-US,BiancaP@SkytapMarketingDemo.onmicrosoft.com,WA,One Microsoft Way,Pisani,+1 425 555 0100,US,BiancaP@SkytapMarketingDemo.onmicrosoft.com,,
ae818f9c-119f-4a3a-b33e-426223cad281,User,Redmond,SkytapMarketingDemo,United States,IT,Brian Johnson (TAILSPIN),,Brian,Guest,BrianJ@SkytapMarketingDemo.onmicrosoft.com,BrianJ,+1 425 555 0100,MTPr0cks!,,98036,en-US,BrianJ@SkytapMarketingDemo.onmicrosoft.com,,,Johnson,,US,BrianJ@SkytapMarketingDemo.onmicrosoft.com,,
3a035003-8da3-4ded-83b1-7ecad39362f1,User,Redmond,SkytapMarketingDemo,United States,Sales,Cameron White,,Cameron,Salesperson,CameronW@SkytapMarketingDemo.onmicrosoft.com,CameronW,+1 425 555 0100,MTPr0cks!,,98052,en-US,CameronW@SkytapMarketingDemo.onmicrosoft.com,WA,One Microsoft Way,White,+1 425 555 0100,US,CameronW@SkytapMarketingDemo.onmicrosoft.com,,E3
9b2c0598-c754-467c-983a-fc6d91a8de80,User,Redmond,SkytapMarketingDemo,United States,R&D,Candy Dominguez,,Candy,Engineer,CandyD@SkytapMarketingDemo.onmicrosoft.com,CandyD,+1 425 555 0100,MTPr0cks!,,98052,en-US,CandyD@SkytapMarketingDemo.onmicrosoft.com,WA,One Microsoft Way,Dominguez,+1 425 555 0100,US,CandyD@SkytapMarketingDemo.onmicrosoft.com,,
8710c429-a0f7-4f17-8c01-91493031bcbe,User,Redmond,SkytapMarketingDemo,United States,Sales,Caterina Costa,,Caterina,Salesperson,CaterinaC@SkytapMarketingDemo.onmicrosoft.com,CaterinaC,+1 425 555 0100,MTPr0cks!,,98052,en-US,CaterinaC@SkytapMarketingDemo.onmicrosoft.com,WA,One Microsoft Way,Costa,+1 425 555 0100,US,CaterinaC@SkytapMarketingDemo.onmicrosoft.com,,
1527a48b-e01a-4598-b03d-56d60994d123,User,Redmond,SkytapMarketingDemo,United States,Operations,Christoph Werner,,Christoph,Manager,ChristophW@SkytapMarketingDemo.onmicrosoft.com,ChristophW,+1 425 555 0100,MTPr0cks!,,98052,en-US,ChristophW@SkytapMarketingDemo.onmicrosoft.com,WA,One Microsoft Way,Werner,+1 425 555 0100,US,ChristophW@SkytapMarketingDemo.onmicrosoft.com,,
811dac89-3019-4690-b342-8bfb39920e25,User,Redmond,SkytapMarketingDemo,United States,Sales,Clarissa Trentini,,Clarissa,Salesperson,ClarissaT@SkytapMarketingDemo.onmicrosoft.com,ClarissaT,+1 425 555 0100,MTPr0cks!,,98052,en-US,ClarissaT@SkytapMarketingDemo.onmicrosoft.com,WA,One Microsoft Way,Trentini,+1 425 555 0100,US,ClarissaT@SkytapMarketingDemo.onmicrosoft.com,,
81cf7b88-148e-4349-bf5c-d29029044b2a,User,Redmond,SkytapMarketingDemo,United States,Sales,Claudia Pugliesi,,Claudia,Salesperson,ClaudiaP@SkytapMarketingDemo.onmicrosoft.com,ClaudiaP,+1 425 555 0100,MTPr0cks!,,98052,en-US,ClaudiaP@SkytapMarketingDemo.onmicrosoft.com,WA,One Microsoft Way,Pugliesi,+1 425 555 0100,US,ClaudiaP@SkytapMarketingDemo.onmicrosoft.com,,E3
b2ba4ede-88e4-44d6-a0eb-e62cb098401d,User,Redmond,SkytapMarketingDemo,United States,Sales,Cristina Gallo,,Cristina,Salesperson,CristinaG@SkytapMarketingDemo.onmicrosoft.com,CristinaG,+1 425 555 0100,MTPr0cks!,,98052,en-US,CristinaG@SkytapMarketingDemo.onmicrosoft.com,WA,One Microsoft Way,Gallo,+1 425 555 0100,US,CristinaG@SkytapMarketingDemo.onmicrosoft.com,,
aee19a44-b947-4b28-8dc3-da238b454f61,User,Redmond,SkytapMarketingDemo,United States,Sales,Daisy Sherman,,Daisy,Salesperson,DaisyS@SkytapMarketingDemo.onmicrosoft.com,DaisyS,+1 425 555 0100,MTPr0cks!,,98052,en-US,DaisyS@SkytapMarketingDemo.onmicrosoft.com,WA,One Microsoft Way,Sherman,+1 425 555 0100,US,DaisyS@SkytapMarketingDemo.onmicrosoft.com,,
a9d3db20-31df-48ac-bffa-f31ec1090eab,User,Redmond,SkytapMarketingDemo,United States,Manufacturing,Dastgir Refai,,Dastgir,Administrative,DastgirR@SkytapMarketingDemo.onmicrosoft.com,DastgirR,+1 425 555 0100,MTPr0cks!,,98052,en-US,DastgirR@SkytapMarketingDemo.onmicrosoft.com,WA,One Microsoft Way,Refai,+1 425 555 0100,US,DastgirR@SkytapMarketingDemo.onmicrosoft.com,,
44bb512f-7158-40e3-bbc6-c4e56af2294c,User,Redmond,SkytapMarketingDemo,United States,R&D,Delia Dennis,,Delia,Engineer,DeliaD@SkytapMarketingDemo.onmicrosoft.com,DeliaD,+1 425 555 0100,MTPr0cks!,,98052,en-US,DeliaD@SkytapMarketingDemo.onmicrosoft.com,WA,One Microsoft Way,Dennis,+1 425 555 0100,US,DeliaD@SkytapMarketingDemo.onmicrosoft.com,,E3
880686d4-aabd-4211-9edb-c139eb28d6ec,User,Redmond,SkytapMarketingDemo,United States,R&D,Dolly Golden,,Dolly,Engineer,DollyG@SkytapMarketingDemo.onmicrosoft.com,DollyG,+1 425 555 0100,MTPr0cks!,,98052,en-US,DollyG@SkytapMarketingDemo.onmicrosoft.com,WA,One Microsoft Way,Golden,+1 425 555 0100,US,DollyG@SkytapMarketingDemo.onmicrosoft.com,,
526caed7-3676-4c7b-aa52-bcf6423af192,User,Redmond,SkytapMarketingDemo,United States,R&D,Douglas Fife,,Douglas,Engineer,DouglasF@SkytapMarketingDemo.onmicrosoft.com,DouglasF,+1 425 555 0100,MTPr0cks!,,98052,en-US,DouglasF@SkytapMarketingDemo.onmicrosoft.com,WA,One Microsoft Way,Fife,+1 425 555 0100,US,DouglasF@SkytapMarketingDemo.onmicrosoft.com,,
54e3ab9c-acdc-4ec6-8a74-a6a6f8991a62,User,Redmond,SkytapMarketingDemo,United States,Manufacturing,Gebhard Stein,,Gebhard,Manager,GebhardS@SkytapMarketingDemo.onmicrosoft.com,GebhardS,+1 425 555 0100,MTPr0cks!,,98052,en-US,GebhardS@SkytapMarketingDemo.onmicrosoft.com,WA,One Microsoft Way,Stein,+1 425 555 0100,US,GebhardS@SkytapMarketingDemo.onmicrosoft.com,,
c038fb4e-4572-40d3-bf72-6aedecc3532f,User,Redmond,SkytapMarketingDemo,United States,Sales,Gerhart Moller,,Gerhart,Manager,GerhartM@SkytapMarketingDemo.onmicrosoft.com,GerhartM,+1 425 555 0100,MTPr0cks!,,98052,en-US,GerhartM@SkytapMarketingDemo.onmicrosoft.com,WA,One Microsoft Way,Moller,+1 425 555 0100,US,GerhartM@SkytapMarketingDemo.onmicrosoft.com,,E3
28090f71-c4b5-4c89-8465-876ce82f4bfb,User,Redmond,SkytapMarketingDemo,United States,Sales,Giorgia Angelo,,Giorgia,Salesperson,GiorgiaA@SkytapMarketingDemo.onmicrosoft.com,GiorgiaA,+1 425 555 0100,MTPr0cks!,,98052,en-US,GiorgiaA@SkytapMarketingDemo.onmicrosoft.com,WA,One Microsoft Way,Angelo,+1 425 555 0100,US,GiorgiaA@SkytapMarketingDemo.onmicrosoft.com,,
63421140-1990-4aff-9c59-e6093515da1b,User,Redmond,SkytapMarketingDemo,United States,Legal,Hannah Albrecht,,Hannah,Paralegal,HannahA@SkytapMarketingDemo.onmicrosoft.com,HannahA,+1 425 555 0100,MTPr0cks!,,98052,en-US,HannahA@SkytapMarketingDemo.onmicrosoft.com,WA,One Microsoft Way,Albrecht,+1 425 555 0100,US,HannahA@SkytapMarketingDemo.onmicrosoft.com,,
6ea783fb-1f3d-4e41-a9ec-70cf98fd1a69,User,Redmond,SkytapMarketingDemo,United States,R&D,Harry Olds,,Harry,Engineer,HarryO@SkytapMarketingDemo.onmicrosoft.com,HarryO,+1 425 555 0100,MTPr0cks!,,98052,en-US,HarryO@SkytapMarketingDemo.onmicrosoft.com,WA,One Microsoft Way,Olds,+1 425 555 0100,US,HarryO@SkytapMarketingDemo.onmicrosoft.com,,
c12d0aa2-3e66-4104-a252-af260ab6630d,User,Redmond,SkytapMarketingDemo,United States,R&D,Harvey Rayford,,Harvey,Engineer,HarveyR@SkytapMarketingDemo.onmicrosoft.com,HarveyR,+1 425 555 0100,MTPr0cks!,,98052,en-US,HarveyR@SkytapMarketingDemo.onmicrosoft.com,WA,One Microsoft Way,Rayford,+1 425 555 0100,US,HarveyR@SkytapMarketingDemo.onmicrosoft.com,,
bcf16fc1-8ae7-4764-a8a0-4b0e3ddbba32,User,Redmond,SkytapMarketingDemo,United States,Legal,Helga Faber,,Helga,Paralegal,HelgaF@SkytapMarketingDemo.onmicrosoft.com,HelgaF,+1 425 555 0100,MTPr0cks!,,98052,en-US,HelgaF@SkytapMarketingDemo.onmicrosoft.com,WA,One Microsoft Way,Faber,+1 425 555 0100,US,HelgaF@SkytapMarketingDemo.onmicrosoft.com,,
bd68001f-c69a-49b9-b4dd-66b49b889c18,User,Redmond,SkytapMarketingDemo,United States,Sales,Humayd Zaher,,Humayd,Administrative,HumaydZ@SkytapMarketingDemo.onmicrosoft.com,HumaydZ,+1 425 555 0100,MTPr0cks!,,98052,en-US,HumaydZ@SkytapMarketingDemo.onmicrosoft.com,WA,One Microsoft Way,Zaher,+1 425 555 0100,US,HumaydZ@SkytapMarketingDemo.onmicrosoft.com,,
c5342f90-5b02-47fc-bc8f-1153c7d6b933,User,Redmond,SkytapMarketingDemo,United States,Sales,Joshua Murphy,,Joshua,Salesperson,JoshuaM@SkytapMarketingDemo.onmicrosoft.com,JoshuaM,+1 425 555 0100,UnSecur3,,98052,en-US,JoshuaM@SkytapMarketingDemo.onmicrosoft.com,WA,One Microsoft Way,Murphy,+1 425 555 0100,US,JoshuaM@SkytapMarketingDemo.onmicrosoft.com,,E3
309eccf5-f6b7-4f43-a458-ddb8172baaeb,User,Redmond,SkytapMarketingDemo,United States,Sales,Jung-Hwan Yoon,,Jung-Hwan,Salesperson,JungY@SkytapMarketingDemo.onmicrosoft.com,JungY,+1 425 555 0100,MTPr0cks!,,98052,en-US,JungY@SkytapMarketingDemo.onmicrosoft.com,WA,One Microsoft Way,Yoon,+1 425 555 0100,US,JungY@SkytapMarketingDemo.onmicrosoft.com,,
e2209531-e4de-4881-87b4-3fbb16f778d7,User,Redmond,SkytapMarketingDemo,United States,R&D,Karl Matteson,,Karl,Engineer,KarlM@SkytapMarketingDemo.onmicrosoft.com,KarlM,+1 425 555 0100,MTPr0cks!,,98052,en-US,KarlM@SkytapMarketingDemo.onmicrosoft.com,WA,One Microsoft Way,Matteson,+1 425 555 0100,US,KarlM@SkytapMarketingDemo.onmicrosoft.com,,
d10a41a7-772c-45ba-a10a-9c68e238068e,User,Redmond,SkytapMarketingDemo,United States,Sales,Kimberly Reyes,,Kimberly,Salesperson,KimberlyR@SkytapMarketingDemo.onmicrosoft.com,KimberlyR,+1 425 555 0100,MTPr0cks!,,98052,en-US,KimberlyR@SkytapMarketingDemo.onmicrosoft.com,WA,One Microsoft Way,Reyes,+1 425 555 0100,US,KimberlyR@SkytapMarketingDemo.onmicrosoft.com,,
37c500e9-8ab3-4e03-8791-2c66c5006abe,User,Redmond,SkytapMarketingDemo,United States,Sales,Lina Iadanza,,Lina,Salesperson,LinaI@SkytapMarketingDemo.onmicrosoft.com,LinaI,+1 425 555 0100,MTPr0cks!,,98052,en-US,LinaI@SkytapMarketingDemo.onmicrosoft.com,WA,One Microsoft Way,Iadanza,+1 425 555 0100,US,LinaI@SkytapMarketingDemo.onmicrosoft.com,,
2b4af675-efc8-43e3-a0a4-8bea4455da68,User,Redmond,SkytapMarketingDemo,United States,Sales,Margie Riley,,Margie,Salesperson,MargieR@SkytapMarketingDemo.onmicrosoft.com,MargieR,+1 425 555 0100,UnSecur3,,98052,en-US,MargieR@SkytapMarketingDemo.onmicrosoft.com,WA,One Microsoft Way,Riley,+1 425 555 0100,US,MargieR@SkytapMarketingDemo.onmicrosoft.com,,E3
809cacdf-d4bf-495d-afd4-f0bbbeffaf08,User,Redmond,SkytapMarketingDemo,United States,Legal,Marie Schmid,,Marie,Paralegal,MarieS@SkytapMarketingDemo.onmicrosoft.com,MarieS,+1 425 555 0100,MTPr0cks!,,98052,en-US,MarieS@SkytapMarketingDemo.onmicrosoft.com,WA,One Microsoft Way,Schmid,+1 425 555 0100,US,MarieS@SkytapMarketingDemo.onmicrosoft.com,,
f2a0d4f4-15fa-41f6-9596-bfc1afc2c413,User,Redmond,SkytapMarketingDemo,United States,Sales,Martha Daniels,,Martha,Salesperson,MarthaD@SkytapMarketingDemo.onmicrosoft.com,MarthaD,+1 425 555 0100,MTPr0cks!,,98052,en-US,MarthaD@SkytapMarketingDemo.onmicrosoft.com,WA,One Microsoft Way,Daniels,+1 425 555 0100,US,MarthaD@SkytapMarketingDemo.onmicrosoft.com,,
c3e5e291-5cc3-47d6-9c98-a554fa43e59c,User,Redmond,SkytapMarketingDemo,United States,Sales,Maya Glass,,Maya,Salesperson,MayaG@SkytapMarketingDemo.onmicrosoft.com,MayaG,+1 425 555 0100,MTPr0cks!,,98052,en-US,MayaG@SkytapMarketingDemo.onmicrosoft.com,WA,One Microsoft Way,Glass,+1 425 555 0100,US,MayaG@SkytapMarketingDemo.onmicrosoft.com,,
2be06e0a-5894-4c96-aac0-92f4951c3dea,User,Redmond,SkytapMarketingDemo,United States,Engineering,Meredith Valdez,,Meredith,Engineer,MeredithV@SkytapMarketingDemo.onmicrosoft.com,MeredithV,+1 425 555 0100,MTPr0cks!,,98052,en-US,MeredithV@SkytapMarketingDemo.onmicrosoft.com,WA,One Microsoft Way,Valdez,+1 425 555 0100,US,MeredithV@SkytapMarketingDemo.onmicrosoft.com,,
f14037c2-b1eb-4eaf-9103-4a175335a361,User,Redmond,SkytapMarketingDemo,United States,Sales,Mia Fanucci,,Mia,Salesperson,MiaF@SkytapMarketingDemo.onmicrosoft.com,MiaF,+1 425 555 0100,MTPr0cks!,,98052,en-US,MiaF@SkytapMarketingDemo.onmicrosoft.com,WA,One Microsoft Way,Fanucci,+1 425 555 0100,US,MiaF@SkytapMarketingDemo.onmicrosoft.com,,
0599646e-16b4-4928-84b9-1d075e82c600,User,Redmond,SkytapMarketingDemo,United States,Sales,Miriam Schultz,,Miriam,Salesperson,MiriamS@SkytapMarketingDemo.onmicrosoft.com,MiriamS,+1 425 555 0100,MTPr0cks!,,98052,en-US,MiriamS@SkytapMarketingDemo.onmicrosoft.com,WA,One Microsoft Way,Schultz,+1 425 555 0100,US,MiriamS@SkytapMarketingDemo.onmicrosoft.com,,
e7d3c5f1-ad4d-40ff-bbf6-ec0e5e6890d7,User,Redmond,SkytapMarketingDemo,United States,Engineering,Mona Schultz,,Mona,Engineer,MonaS@SkytapMarketingDemo.onmicrosoft.com,MonaS,+1 425 555 0100,MTPr0cks!,,98052,en-US,MonaS@SkytapMarketingDemo.onmicrosoft.com,WA,One Microsoft Way,Schultz,+1 425 555 0100,US,MonaS@SkytapMarketingDemo.onmicrosoft.com,,
a0d97533-272c-4d93-862e-4dbd4dd45a74,User,Redmond,SkytapMarketingDemo,United States,Engineering,Moses McIntosh,,Moses,Engineer,MosesM@SkytapMarketingDemo.onmicrosoft.com,MosesM,+1 425 555 0100,MTPr0cks!,,98052,en-US,MosesM@SkytapMarketingDemo.onmicrosoft.com,WA,One Microsoft Way,McIntosh,+1 425 555 0100,US,MosesM@SkytapMarketingDemo.onmicrosoft.com,,
e4e14ac2-fac3-445a-ab68-8ab81d082019,User,Redmond,SkytapMarketingDemo,United States,Engineering,Myrna Casey,,Myrna,Engineer,MyrnaC@SkytapMarketingDemo.onmicrosoft.com,MyrnaC,+1 425 555 0100,MTPr0cks!,,98052,en-US,MyrnaC@SkytapMarketingDemo.onmicrosoft.com,WA,One Microsoft Way,Casey,+1 425 555 0100,US,MyrnaC@SkytapMarketingDemo.onmicrosoft.com,,
b6c52812-f3e7-4640-b1f7-7b34c2855efc,User,Redmond,SkytapMarketingDemo,United States,Legal,Nele Kohler,,Nele,Paralegal,NeleK@SkytapMarketingDemo.onmicrosoft.com,NeleK,+1 425 555 0100,MTPr0cks!,,98052,en-US,NeleK@SkytapMarketingDemo.onmicrosoft.com,WA,One Microsoft Way,Kohler,+1 425 555 0100,US,NeleK@SkytapMarketingDemo.onmicrosoft.com,,
0609fd3e-914f-4361-aace-21f13ff8c306,User,Redmond,SkytapMarketingDemo,United States,Sales,Nicholas Rose,,Nicholas,Salesperson,NicholasR@SkytapMarketingDemo.onmicrosoft.com,NicholasR,+1 425 555 0100,MTPr0cks!,,98052,en-US,NicholasR@SkytapMarketingDemo.onmicrosoft.com,WA,One Microsoft Way,Rose,+1 425 555 0100,US,NicholasR@SkytapMarketingDemo.onmicrosoft.com,,
a0e44494-6a86-40a5-a7f5-42bd1c589673,User,Redmond,SkytapMarketingDemo,United States,Engineering,Noell Pettway,,Noell,Engineer,NoellP@SkytapMarketingDemo.onmicrosoft.com,NoellP,+1 425 555 0100,UnSecur3,,98052,en-US,NoellP@SkytapMarketingDemo.onmicrosoft.com,WA,One Microsoft Way,Pettway,+1 425 555 0100,US,NoellP@SkytapMarketingDemo.onmicrosoft.com,,E3
f8b58dce-a9d7-4296-8cec-a17962d145f2,User,Redmond,SkytapMarketingDemo,United States,Sales,Ola Atkinson,,Ola,Salesperson,OlaA@SkytapMarketingDemo.onmicrosoft.com,OlaA,+1 425 555 0100,MTPr0cks!,,98052,en-US,OlaA@SkytapMarketingDemo.onmicrosoft.com,WA,One Microsoft Way,Atkinson,+1 425 555 0100,US,OlaA@SkytapMarketingDemo.onmicrosoft.com,,
0a008d73-10ee-4b65-a44a-89dfcf1a112a,User,Redmond,SkytapMarketingDemo,United States,Sales,Pam Zimmerman,,Pam,Salesperson,PamZ@SkytapMarketingDemo.onmicrosoft.com,PamZ,+1 425 555 0100,MTPr0cks!,,98052,en-US,PamZ@SkytapMarketingDemo.onmicrosoft.com,WA,One Microsoft Way,Zimmerman,+1 425 555 0100,US,PamZ@SkytapMarketingDemo.onmicrosoft.com,,
3b786ad1-1171-48dd-b62f-3210a350c0e7,User,Redmond,SkytapMarketingDemo,United States,Engineering,Patrica Glenn,,Patrica,Engineer,PatricaG@SkytapMarketingDemo.onmicrosoft.com,PatricaG,+1 425 555 0100,MTPr0cks!,,98052,en-US,PatricaG@SkytapMarketingDemo.onmicrosoft.com,WA,One Microsoft Way,Glenn,+1 425 555 0100,US,PatricaG@SkytapMarketingDemo.onmicrosoft.com,,
6563487f-2abc-4df2-a7d4-f3ed80b69dab,User,Redmond,SkytapMarketingDemo,United States,Sales,Patty Brock,,Patty,Salesperson,PattyB@SkytapMarketingDemo.onmicrosoft.com,PattyB,+1 425 555 0100,MTPr0cks!,,98052,en-US,PattyB@SkytapMarketingDemo.onmicrosoft.com,WA,One Microsoft Way,Brock,+1 425 555 0100,US,PattyB@SkytapMarketingDemo.onmicrosoft.com,,
ae51e36c-74ef-4677-a982-48f8dbaff123,User,Redmond,SkytapMarketingDemo,United States,Engineering,Pauline Chapman,,Pauline,Engineer,PaulineC@SkytapMarketingDemo.onmicrosoft.com,PaulineC,+1 425 555 0100,MTPr0cks!,,98052,en-US,PaulineC@SkytapMarketingDemo.onmicrosoft.com,WA,One Microsoft Way,Chapman,+1 425 555 0100,US,PaulineC@SkytapMarketingDemo.onmicrosoft.com,,
08a0091e-855e-41e4-ac78-c593e68836a0,User,Redmond,SkytapMarketingDemo,United States,Engineering,Raul Razo,,Raul,Engineer,RaulR@SkytapMarketingDemo.onmicrosoft.com,RaulR,+1 425 555 0100,MTPr0cks!,,98052,en-US,RaulR@SkytapMarketingDemo.onmicrosoft.com,WA,One Microsoft Way,Razo,+1 425 555 0100,US,RaulR@SkytapMarketingDemo.onmicrosoft.com,,
563d7f81-4365-46c3-b28f-2eac6f165db1,User,Redmond,SkytapMarketingDemo,United States,Engineering,Rex Poling,,Rex,Engineer,RexP@SkytapMarketingDemo.onmicrosoft.com,RexP,+1 425 555 0100,MTPr0cks!,,98052,en-US,RexP@SkytapMarketingDemo.onmicrosoft.com,WA,One Microsoft Way,Poling,+1 425 555 0100,US,RexP@SkytapMarketingDemo.onmicrosoft.com,,
726e51c6-ab97-423f-9134-8d6bb2548509,User,Redmond,SkytapMarketingDemo,United States,Engineering,Rodney Rife,,Rodney,Engineer,RodneyR@SkytapMarketingDemo.onmicrosoft.com,RodneyR,+1 425 555 0100,MTPr0cks!,,98052,en-US,RodneyR@SkytapMarketingDemo.onmicrosoft.com,WA,One Microsoft Way,Rife,+1 425 555 0100,US,RodneyR@SkytapMarketingDemo.onmicrosoft.com,,
8c2a5e47-8f27-4664-bb10-67ddc3ab0cf8,User,Redmond,SkytapMarketingDemo,United States,Operations,Roman Fogg,,Roman,Engineer,RomanF@SkytapMarketingDemo.onmicrosoft.com,RomanF,+1 425 555 0100,MTPr0cks!,,98052,en-US,RomanF@SkytapMarketingDemo.onmicrosoft.com,WA,One Microsoft Way,Fogg,+1 425 555 0100,US,RomanF@SkytapMarketingDemo.onmicrosoft.com,,
40866333-f93e-4fe0-a4e9-4bbf23e079aa,User,Redmond,SkytapMarketingDemo,United States,Operations,Rory Brigham,,Rory,Engineer,RoryB@SkytapMarketingDemo.onmicrosoft.com,RoryB,+1 425 555 0100,MTPr0cks!,,98052,en-US,RoryB@SkytapMarketingDemo.onmicrosoft.com,WA,One Microsoft Way,Brigham,+1 425 555 0100,US,RoryB@SkytapMarketingDemo.onmicrosoft.com,,
327c1869-a94b-4fee-92c2-a877e916930e,User,Redmond,SkytapMarketingDemo,United States,Sales,Rosa Lo,,Rosa,Salesperson,RosaL@SkytapMarketingDemo.onmicrosoft.com,RosaL,+1 425 555 0100,MTPr0cks!,,98052,en-US,RosaL@SkytapMarketingDemo.onmicrosoft.com,WA,One Microsoft Way,Lo,+1 425 555 0100,US,RosaL@SkytapMarketingDemo.onmicrosoft.com,,
372360b7-8f83-4813-8902-eb99feafcc4a,User,Redmond,SkytapMarketingDemo,United States,Operations,Rosie Hale,,Rosie,Engineer,RosieH@SkytapMarketingDemo.onmicrosoft.com,RosieH,+1 425 555 0100,MTPr0cks!,,98052,en-US,RosieH@SkytapMarketingDemo.onmicrosoft.com,WA,One Microsoft Way,Hale,+1 425 555 0100,US,RosieH@SkytapMarketingDemo.onmicrosoft.com,,
f982e6f2-35e8-4dcf-b9b0-6c96ab05f770,User,Redmond,SkytapMarketingDemo,United States,Sales,Ryan Small,,Ryan,Salesperson,RyanS@SkytapMarketingDemo.onmicrosoft.com,RyanS,+1 425 555 0100,MTPr0cks!,,98052,en-US,RyanS@SkytapMarketingDemo.onmicrosoft.com,WA,One Microsoft Way,Small,+1 425 555 0100,US,RyanS@SkytapMarketingDemo.onmicrosoft.com,,
c4b14fa6-9939-4dfc-863f-8f3ff879bf27,User,Redmond,SkytapMarketingDemo,United States,IT,Santos Surratt,,Santos,Engineer,SantosS@SkytapMarketingDemo.onmicrosoft.com,SantosS,+1 425 555 0100,MTPr0cks!,,98052,en-US,SantosS@SkytapMarketingDemo.onmicrosoft.com,WA,One Microsoft Way,Surratt,+1 425 555 0100,US,SantosS@SkytapMarketingDemo.onmicrosoft.com,,E3
7aa15210-2ee0-4d80-98ae-65155c2723c1,User,Redmond,SkytapMarketingDemo,United States,Sales,Sara Mazzanti,,Sara,Salesperson,SaraM@SkytapMarketingDemo.onmicrosoft.com,SaraM,+1 425 555 0100,MTPr0cks!,,98052,en-US,SaraM@SkytapMarketingDemo.onmicrosoft.com,WA,One Microsoft Way,Mazzanti,+1 425 555 0100,US,SaraM@SkytapMarketingDemo.onmicrosoft.com,,E3
ddbfd68b-b977-42cb-b79b-426dc46ec74e,User,Redmond,SkytapMarketingDemo,United States,Sales,Seung-In Jang,,Seung-In,Salesperson,SeungJ@SkytapMarketingDemo.onmicrosoft.com,SeungJ,+1 425 555 0100,MTPr0cks!,,98052,en-US,SeungJ@SkytapMarketingDemo.onmicrosoft.com,WA,One Microsoft Way,Jang,+1 425 555 0100,US,SeungJ@SkytapMarketingDemo.onmicrosoft.com,,E3
586d195a-8b56-4c10-8a72-8439bc16ee1a,User,Redmond,SkytapMarketingDemo,United States,IT,Shannon Mazza,,Shannon,Engineer,ShannonM@SkytapMarketingDemo.onmicrosoft.com,ShannonM,+1 425 555 0100,MTPr0cks!,,98052,en-US,ShannonM@SkytapMarketingDemo.onmicrosoft.com,WA,One Microsoft Way,Mazza,+1 425 555 0100,US,ShannonM@SkytapMarketingDemo.onmicrosoft.com,,E3
e4fec5c2-ba7f-405d-88bc-ff186b0d9367,User,Redmond,SkytapMarketingDemo,United States,Sales,Silvia Milani,,Silvia,Salesperson,SilviaM@SkytapMarketingDemo.onmicrosoft.com,SilviaM,+1 425 555 0100,MTPr0cks!,,98052,en-US,SilviaM@SkytapMarketingDemo.onmicrosoft.com,WA,One Microsoft Way,Milani,+1 425 555 0100,US,SilviaM@SkytapMarketingDemo.onmicrosoft.com,,E3
20be6345-ab1e-47d8-af83-78292abace80,User,Redmond,SkytapMarketingDemo,United States,IT,Simon Narvaez,,Simon,Engineer,SimonN@SkytapMarketingDemo.onmicrosoft.com,SimonN,+1 425 555 0100,MTPr0cks!,,98052,en-US,SimonN@SkytapMarketingDemo.onmicrosoft.com,WA,One Microsoft Way,Narvaez,+1 425 555 0100,US,SimonN@SkytapMarketingDemo.onmicrosoft.com,,
8c781836-2fb7-49e5-8c8d-6a984f61aca9,User,Redmond,SkytapMarketingDemo,United States,Sales,Sung-Hwan Han,,Sung-Hwan,Salesperson,SungH@SkytapMarketingDemo.onmicrosoft.com,SungH,+1 425 555 0100,MTPr0cks!,,98052,en-US,SungH@SkytapMarketingDemo.onmicrosoft.com,WA,One Microsoft Way,Han,+1 425 555 0100,US,SungH@SkytapMarketingDemo.onmicrosoft.com,,
a56046e7-5a0c-4f5b-9c06-cd4e4092c5f9,User,Redmond,SkytapMarketingDemo,United States,Sales,Teresa Sabbatini,,Teresa,Salesperson,TeresaS@SkytapMarketingDemo.onmicrosoft.com,TeresaS,+1 425 555 0100,MTPr0cks!,,98052,en-US,TeresaS@SkytapMarketingDemo.onmicrosoft.com,WA,One Microsoft Way,Sabbatini,+1 425 555 0100,US,TeresaS@SkytapMarketingDemo.onmicrosoft.com,,
fa400743-bee3-46bd-803b-ec4a3eeca736,User,Redmond,SkytapMarketingDemo,United States,Sales,Young-Cheol Lim,,Young-Cheol,Salesperson,YoungL@SkytapMarketingDemo.onmicrosoft.com,YoungL,+1 425 555 0100,MTPr0cks!,,98052,en-US,YoungL@SkytapMarketingDemo.onmicrosoft.com,WA,One Microsoft Way,Lim,+1 425 555 0100,US,YoungL@SkytapMarketingDemo.onmicrosoft.com,,
fcf3af88-4229-4172-a620-b49a721d984e,User,Redmond,SkytapMarketingDemo,United States,Sales,Zachary Parsons,,Zachary,Salesperson,ZacharyP@SkytapMarketingDemo.onmicrosoft.com,ZacharyP,+1 425 555 0100,MTPr0cks!,,98052,en-US,ZacharyP@SkytapMarketingDemo.onmicrosoft.com,WA,One Microsoft Way,Parsons,+1 425 555 0100,US,ZacharyP@SkytapMarketingDemo.onmicrosoft.com,,
,,,,,,,,,,,,,,,,,,,,,,,,,
4b9ec353-f31b-4f5f-bf8b-d55740ffd335,,,,,,,,,,,,,,,,,,,,,,,svcAdmin@SkytapMarketingDemo.net,,
ec2d6cad-49c1-468a-bb68-8b287372a78c,,,,,,,,,,,,,,,,,,,,,,,DaLiu@SkytapMarketingDemo.net,,
84982827-ce7d-43eb-9d7c-8c747230f186,,,,,,,,,,,,,,,,,,,,,,,BaMorel@SkytapMarketingDemo.net,,EMS+E5+Win10E5
30c9786e-74ff-4295-b2fd-d824a8d59941,,,,,,,,,,,,,,,,,,,,,,,DrTomic@SkytapMarketingDemo.net,,
0053db80-640a-41f0-b028-b2387d33c97b,,,,,,,,,,,,,,,,,,,,,,,BrWalto@SkytapMarketingDemo.net,,
28d19931-6664-4336-a3f1-4afd14ccb3a5,,,,,,,,,,,,,,,,,,,,,,,KarenBerg@SkytapMarketingDemo.net,,
3bf1c940-78a5-43ff-9d3d-98e8a5c8a3db,,,,,,,,,,,,,,,,,,,,,,,DaBarbe@SkytapMarketingDemo.net,,
893729c6-ac77-44bb-ac16-84b0b12831e0,,,,,,,,,,,,,,,,,,,,,,,DaBacon@SkytapMarketingDemo.net,,
37828420-5b8c-48a6-a0f3-8b56738f8949,,,,,,,,,,,,,,,,,,,,,,,JaBueno@SkytapMarketingDemo.net,,
ad1ec519-ceda-4d44-95e1-dff2a4f98b2b,,,,,,,,,,,,,,,,,,,,,,,JaLever@SkytapMarketingDemo.net,,
669b1cfc-f238-47e6-9f79-3b517773a50f,,,,,,,,,,,,,,,,,,,,,,,MiMarti@SkytapMarketingDemo.net,,
d271abea-36cb-473c-ab7c-8603c9e0d646,,,,,,,,,,,,,,,,,,,,,,,ArRao@SkytapMarketingDemo.net,,
46fa5963-8f43-4be0-b813-e1361637f4b6,,,,,,,,,,,,,,,,,,,,,,,KeSanch@SkytapMarketingDemo.net,,
c7e94f80-be6c-4a73-b0be-3a16bdde736b,,,,,,,,,,,,,,,,,,,,,,,LaNorma@SkytapMarketingDemo.net,,
40bdc9c6-a7cd-4c86-a266-7763f25303f1,,,,,,,,,,,,,,,,,,,,,,,NaDavol@SkytapMarketingDemo.net,,
e8122c64-ea1b-461a-b7b6-4aa99528967d,,,,,,,,,,,,,,,,,,,,,,,RoKing@SkytapMarketingDemo.net,,
a2b0dfd5-be0b-4a18-ab79-8b5f67b3e4b6,,,,,,,,,,,,,,,,,,,,,,,TeKhara@SkytapMarketingDemo.net,,
5db2edcf-05d0-4b5c-905f-79010f44b3d9,,,,,,,,,,,,,,,,,,,,,,,DaWilso@SkytapMarketingDemo.net,,
6801deb5-ebc1-49f8-804b-a049c99398b8,,,,,,,,,,,,,,,,,,,,,,,ShSalav@SkytapMarketingDemo.net,,
b1febeb6-8212-4123-bddc-cec80f4fe1d5,,,,,,,,,,,,,,,,,,,,,,,KaBerge@SkytapMarketingDemo.net,,
c40bfcf4-9e2c-4f4f-964e-f2e0d6b14214,,,,,,,,,,,,,,,,,,,,,,,ZaArifi@SkytapMarketingDemo.net,,
ad6062ed-d443-428b-9575-2ab8e56e472b,,,,,,,,,,,,,,,,,,,,,,,AmAlber@SkytapMarketingDemo.net,,
224ff71c-1719-48f6-8144-aa9768471a0e,,,,,,,,,,,,,,,,,,,,,,,AlBrewe@SkytapMarketingDemo.net,,
7ead20a9-5893-49ad-8cae-e142b4364292,,,,,,,,,,,,,,,,,,,,,,,MaHedlu@SkytapMarketingDemo.net,,
ea37b318-a002-48a0-8ded-0203147baa8f,,,,,,,,,,,,,,,,,,,,,,,GaAltma@SkytapMarketingDemo.net,,
885fe782-c319-4292-b3c9-d90d8691c6e9,,,,,,,,,,,,,,,,,,,,,,,WeKahn@SkytapMarketingDemo.net,,
cc615d6e-4777-4331-8400-cc00032700d1,,,,,,,,,,,,,,,,,,,,,,,DiTibbo@SkytapMarketingDemo.net,,
1a50e849-62ad-4b6d-a27c-cca34c22e6c3,,,,,,,,,,,,,,,,,,,,,,,HaChen@SkytapMarketingDemo.net,,
f0c439bb-d015-4710-9e27-4decb8fa3f99,,,,,,,,,,,,,,,,,,,,,,,LoSunsh@SkytapMarketingDemo.net,,E3
4c799664-e0bf-4dab-9308-0c572942533e,,,,,,,,,,,,,,,,,,,,,,,RoTambu@SkytapMarketingDemo.net,,EMS+E5+Win10E5
a83a7ff1-f852-4a1c-849b-c2de59987663,,,,,,,,,,,,,,,,,,,,,,,LaCalla@SkytapMarketingDemo.net,,
8b3665ec-482f-4a59-adf8-d2dd2f6183f7,,,,,,,,,,,,,,,,,,,,,,,JeTrena@SkytapMarketingDemo.net,,
2100fac3-0d1b-4aca-9407-d0ca523a9af7,,,,,,,,,,,,,,,,,,,,,,,PaWedge@SkytapMarketingDemo.net,,
69264a3f-6c59-4332-a7e3-0387de77b347,,,,,,,,,,,,,,,,,,,,,,,JoBerry@SkytapMarketingDemo.net,,
86f809c2-1a6b-4de0-a015-5174e39415f3,,,,,,,,,,,,,,,,,,,,,,,ChKlein@SkytapMarketingDemo.net,,
9058be6b-9306-4ad6-8c47-90888ca4fc05,,,,,,,,,,,,,,,,,,,,,,,KeBrown@SkytapMarketingDemo.net,,
0dc3ae0b-6a9b-42a4-bb9b-dee67c6e09aa,,,,,,,,,,,,,,,,,,,,,,,DaBradl@SkytapMarketingDemo.net,,
6675f12c-7c8e-428b-b796-80561a7050bc,,,,,,,,,,,,,,,,,,,,,,,JoWood@SkytapMarketingDemo.net,,
759acd57-1049-4f82-91a4-78a84665d6ea,,,,,,,,,,,,,,,,,,,,,,,ASWrigh@SkytapMarketingDemo.net,,E3
7fab731d-ac34-40dc-9abc-99d066383217,,,,,,,,,,,,,,,,,,,,,,,AsSharm@SkytapMarketingDemo.net,,
26119e7d-8ec2-4800-89e0-ae7de252c617,,,,,,,,,,,,,,,,,,,,,,,StJiang@SkytapMarketingDemo.net,,
fea474ad-6bd0-41e2-9103-46bfc52a5e89,,,,,,,,,,,,,,,,,,,,,,,SyAbbas@SkytapMarketingDemo.net,,
45580737-6e32-4c6a-a4e6-7f87293f1656,,,,,,,,,,,,,,,,,,,,,,,PeKrebs@SkytapMarketingDemo.net,,
e336761a-c5f1-4660-a6e4-3b447800c623,,,,,,,,,,,,,,,,,,,,,,,AndHill@SkytapMarketingDemo.net,,
bad35ff0-cfed-4d42-aeb3-ace6c2f84899,,,,,,,,,,,,,,,,,,,,,,,ErGubbe@SkytapMarketingDemo.net,,
5c3c1746-d7da-4c52-be77-cfea61ad836f,,,,,,,,,,,,,,,,,,,,,,,JaRichi@SkytapMarketingDemo.net,,
7cff946a-07fa-466a-a409-402ef8a716bd,,,,,,,,,,,,,,,,,,,,,,,BrDiaz@SkytapMarketingDemo.net,,
542a98e8-bd57-4c44-9254-86259801a0c5,,,,,,,,,,,,,,,,,,,,,,,ShKim@SkytapMarketingDemo.net,,
0e7cd50c-f021-4707-8402-60937acf9e3d,,,,,,,,,,,,,,,,,,,,,,,JiLiu@SkytapMarketingDemo.net,,
07373b32-2c29-4b62-842e-aa323ed43ea5,,,,,,,,,,,,,,,,,,,,,,,JoBrown@SkytapMarketingDemo.net,,
9b2483ba-ad56-4839-9251-9e6675e3b36f,,,,,,,,,,,,,,,,,,,,,,,BaJohns@SkytapMarketingDemo.net,,
37f80577-4121-4a6a-aa98-d6a8618eec54,,,,,,,,,,,,,,,,,,,,,,,AnSousa@SkytapMarketingDemo.net,,
5259e019-0415-429c-82e8-386471fbb988,,,,,,,,,,,,,,,,,,,,,,,AnRuth@SkytapMarketingDemo.net,,
2d5de50f-3506-4cbd-bee7-9f30d6d4fbd6,,,,,,,,,,,,,,,,,,,,,,,AlMcGue@SkytapMarketingDemo.net,,
668bc9e8-7cc2-4db3-a1b4-1a66582cdced,,,,,,,,,,,,,,,,,,,,,,,AlNaybe@SkytapMarketingDemo.net,,
d3196a95-3ee2-4ccb-a9b3-a8feb525ed44,,,,,,,,,,,,,,,,,,,,,,,AlCiccu@SkytapMarketingDemo.net,,
92a4c84a-3f80-4d91-a8a7-175d5be46c33,,,,,,,,,,,,,,,,,,,,,,,AnStahl@SkytapMarketingDemo.net,,
4f637f56-7b9b-4cf2-9d3e-a04dcccc25b3,,,,,,,,,,,,,,,,,,,,,,,NiMirch@SkytapMarketingDemo.net,,
4294dff6-00ae-4122-b6b8-00b0b72ed4c7,,,,,,,,,,,,,,,,,,,,,,,AnnHill@SkytapMarketingDemo.net,,
ac8e892c-d46f-42fb-8a75-aed2c3809571,,,,,,,,,,,,,,,,,,,,,,,ShWord@SkytapMarketingDemo.net,,
71f0a40a-81cd-40a1-8425-e1419e66f8ac,,,,,,,,,,,,,,,,,,,,,,,HaAbolr@SkytapMarketingDemo.net,,
48b60b6c-ede1-4e20-a8fd-7390c413a532,,,,,,,,,,,,,,,,,,,,,,,PeWu@SkytapMarketingDemo.net,,
1a9da1b7-8945-4a23-b4fb-17885b41424b,,,,,,,,,,,,,,,,,,,,,,,AnBergl@SkytapMarketingDemo.net,,
de6b09ee-8ef2-4690-a536-4bc63fdb5b40,,,,,,,,,,,,,,,,,,,,,,,WiJohns@SkytapMarketingDemo.net,,
7e59a210-9d67-483c-8cea-76315d7ade5d,,,,,,,,,,,,,,,,,,,,,,,DiMargh@SkytapMarketingDemo.net,,
15cb5f38-7504-44e9-bae0-1c4c1743c388,,,,,,,,,,,,,,,,,,,,,,,StBucha@SkytapMarketingDemo.net,,
68ae92c0-b3ac-47f8-8a87-e818d19efa3e,,,,,,,,,,,,,,,,,,,,,,,AnDodsw@SkytapMarketingDemo.net,,
80512d15-7d4b-49a4-abe9-16c559168e00,,,,,,,,,,,,,,,,,,,,,,,DePoe@SkytapMarketingDemo.net,,E3
4eaaa2bf-5fd0-423c-ae37-527cce2d12c7,,,,,,,,,,,,,,,,,,,,,,,MiSulli@SkytapMarketingDemo.net,,
1e0dac99-1743-48fa-8529-fba3fa584ab0,,,,,,,,,,,,,,,,,,,,,,,StConro@SkytapMarketingDemo.net,,
75ee7821-49e7-4133-bbfc-25751862e474,,,,,,,,,,,,,,,,,,,,,,,ViLuthr@SkytapMarketingDemo.net,,
c632662c-da8e-4884-9f5f-015f1ddd5cbe,,,,,,,,,,,,,,,,,,,,,,,OvCraci@SkytapMarketingDemo.net,,
0446ae0e-69d3-4325-a28a-3e3326b2c965,,,,,,,,,,,,,,,,,,,,,,,JoGoldb@SkytapMarketingDemo.net,,
ace07e06-3599-4b0c-8fb3-4ddc932ab45a,,,,,,,,,,,,,,,,,,,,,,,MaBernd@SkytapMarketingDemo.net,,
e294a67a-a9b3-4171-a3d8-f35f8410ad02,,,,,,,,,,,,,,,,,,,,,,,PiAcker@SkytapMarketingDemo.net,,
faf25df7-9e8c-453f-b6e6-96d7cef68a7d,,,,,,,,,,,,,,,,,,,,,,,JiBisch@SkytapMarketingDemo.net,,
ed9c9016-2cdc-4d71-8baf-75bcac25770a,,,,,,,,,,,,,,,,,,,,,,,JaGalvi@SkytapMarketingDemo.net,,E3
2c62d00a-c512-427f-ac35-6bcc8f2ebd8a,,,,,,,,,,,,,,,,,,,,,,,GaErick@SkytapMarketingDemo.net,,E3
f551f63f-c10b-47b5-b234-699415a0fdc4,,,,,,,,,,,,,,,,,,,,,,,TeDuffy@SkytapMarketingDemo.net,,
9fc20170-c35e-443b-8a48-0cc74d955893,,,,,,,,,,,,,,,,,,,,,,,JaHamil@SkytapMarketingDemo.net,,
816f8502-4718-4fc9-982e-9652f15bde3b,,,,,,,,,,,,,,,,,,,,,,,BrWelck@SkytapMarketingDemo.net,,
99afa2b1-b0d1-43cc-84d8-b56135b61681,,,,,,,,,,,,,,,,,,,,,,,AnFulle@SkytapMarketingDemo.net,,E3
6daba892-cc54-45d4-9ead-906f9d6c1bad,,,,,,,,,,,,,,,,,,,,,,,PaBarre@SkytapMarketingDemo.net,,
33ea5c99-3c8f-40d5-9622-4fd59b403488,,,,,,,,,,,,,,,,,,,,,,,svcAADCAdmin@SkytapMarketingDemo.net,,
cd542ba4-cdc5-44a3-be10-5a62ef120fde,,,,,,,,,,,,,,,,,,,,,,,svcSQLAdmin@SkytapMarketingDemo.net,,
b9093d8c-eab1-4de2-9ec8-984faf2a6f9d,,,,,,,,,,,,,,,,,,,,,,,svcATPAdmin@SkytapMarketingDemo.net,,
71a19419-54d7-46f7-9bea-e269a5ef7c69,,,,,,,,,,,,,,,,,,,,,,,secops@SkytapMarketingDemo.net,,EMS+E5+Win10E5
